1010.9;1013.5;1012.2
1013.65;1001.1;1007.375
1000.7;1006.95;1003.825
1006.9;1008.6;1007.75
1008.45;995.2;1001.825
992.05;998.55;995.3
998.6;998.85;998.725
998.95;1001.65;1000.3
1001.4;992;996.7
991.75;985.75;988.75
985.75;994.9;990.325
994.15;983.6;988.875
983.45;976.05;979.75
975.6;969.6;972.6
969.85;970.3;970.075
969.95;966.2;968.075
964.65;970.05;967.35
970.1;969.9;970
969.95;976.45;973.2
976.15;963.15;969.65
961.15;955.2;958.175
955.35;948.2;951.775
948.1;948.2;948.15
947.8;954.75;951.275
954.8;960.8;957.8
960.85;954.75;957.8
954.8;958.45;956.625
958.45;971.05;964.75
971.5;972.45;971.975
972.9;973.6;973.25
973.7;973.3;973.5
973.8;971.65;972.725
971.75;967.35;969.55
967.5;962.5;965
962.9;957.35;960.125
957.7;946.9;952.3
946.8;932.2;939.5
932.35;922.7;927.525
922.55;936.9;929.725
936.15;937.75;936.95
937.35;951.4;944.375
951.45;951.45;951.45
951.6;962.1;956.85
962.85;962.3;962.575
962.35;960.7;961.525
960.5;956.95;958.725
957.55;954.05;955.8
953.9;959.85;956.875
960.35;962.65;961.5
964.15;971.9;968.025
972.3;990.35;981.325
990.35;996.85;993.6
996.85;1001.6;999.225
1001.8;1008.75;1005.275
1009.5;1020.15;1014.825
1020.9;1026.2;1023.55
1026.4;1036.15;1031.275
1036.35;1031.1;1033.725
1031.25;1049.7;1040.475
1049.55;1050.15;1049.85
1050.15;1067.9;1059.025
1067.7;1055;1061.35
1055.75;1036.4;1046.075
1036.75;1045.95;1041.35
1047.55;1069.8;1058.675
1070.5;1058.65;1064.575
1058.35;1063.7;1061.025
1064.1;1069.75;1066.925
1069.95;1077;1073.475
1074.45;1086.2;1080.325
1089;1078.45;1083.725
1078.7;1073.25;1075.975
1073.2;1077.95;1075.575
1077.85;1076;1076.925
1075.45;1079.3;1077.375
1079.3;1076;1077.65
1075.95;1085;1080.475
1085.05;1094.8;1089.925
1095.65;1098.4;1097.025
1095.8;1091.95;1093.875
1091.85;1093.5;1092.675
1093.6;1100.15;1096.875
1100.55;1093.05;1096.8
1094.45;1089.6;1092.025
1089.75;1084.35;1087.05
1084.4;1081.8;1083.1
1082.4;1089.35;1085.875
1089.75;1097.35;1093.55
1097.6;1080.25;1088.925
1080.25;1073.75;1077
1072.7;1078.95;1075.825
1077.9;1085;1081.45
1085.05;1088.35;1086.7
1089.3;1086.5;1087.9
1086.25;1076.35;1081.3
1076.3;1077.9;1077.1
1078.45;1082.9;1080.675
1081.4;1070.9;1076.15
1070.6;1056.05;1063.325
1057.8;1037.65;1047.725
1036.35;1046.2;1041.275
1059.8;1037.2;1048.5
1037.15;1034.6;1035.875
1034.75;1041.85;1038.3
1040.25;1055.3;1047.775
1056.55;1054.8;1055.675
1054.3;1047.4;1050.85
1047.25;1063.6;1055.425
1063.75;1057.5;1060.625
1058.2;1048.6;1053.4
1048.6;1048;1048.3
1048.15;1044.45;1046.3
1044.45;1036;1040.225
1036.2;1058.2;1047.2
1058.95;1059.3;1059.125
1059.3;1064.3;1061.8
1064.15;1065.6;1064.875
1065.6;1066.15;1065.875
1066.2;1070.15;1068.175
1070.1;1055.55;1062.825
1055.6;1049.65;1052.625
1049.6;1052.95;1051.275
1053.65;1063.4;1058.525
1063.55;1058.85;1061.2
1058.7;1046.6;1052.65
1046.55;1040.7;1043.625
1040.3;1031.25;1035.775
1031.05;1017.1;1024.075
1017.1;1006.7;1011.9
1006.65;1014.55;1010.6
1014.25;1001.7;1007.975
1001.5;999.65;1000.575
999.7;993;996.35
993.35;1003.9;998.625
1003.45;1025.25;1014.35
1025.55;1030.55;1028.05
1030.6;1037.15;1033.875
1037.15;1013.9;1025.525
1013.5;1011.3;1012.4
1011.55;1013.85;1012.7
1013.9;1002.7;1008.3
1002.8;1000.6;1001.7
1000.6;978.2;989.4
977.4;984.3;980.85
984.45;999.4;991.925
999.55;1009.15;1004.35
1009.15;1016.95;1013.05
1017.05;1031.5;1024.275
1032;1018.1;1025.05
1018;1004.85;1011.425
1003.8;962.2;983
958.9;949.8;954.35
951.8;951.2;951.5
950.65;958.65;954.65
958.65;940.7;949.675
941.5;947.2;944.35
947.1;943.5;945.3
943.75;934.2;938.975
934.2;929.7;931.95
929.45;924.3;926.875
922.85;929.5;926.175
929.75;932.3;931.025
935.25;934.05;934.65
930.9;938.3;934.6
937.45;945.4;941.425
945.85;951.85;948.85
950.4;950.15;950.275
950.15;941.55;945.85
941.6;937.85;939.725
938.5;936;937.25
936.9;944.2;940.55
944.2;952.15;948.175
952.15;959.85;956
959.85;973.1;966.475
973.7;966.55;970.125
964.65;971.55;968.1
972.05;968;970.025
967.95;963.25;965.6
963.5;967.9;965.7
967.85;982.45;975.15
982.35;976.85;979.6
977.65;990.8;984.225
990.8;1002.6;996.7
1000.05;1006.8;1003.425
1006.85;1015.15;1011
1015.9;1010.65;1013.275
1010.7;1021.05;1015.875
1021.1;1035.05;1028.075
1036.2;1046.4;1041.3
1046;1052.1;1049.05
1052;1037.8;1044.9
1038;1044.1;1041.05
1044.2;1051.3;1047.75
1050.95;1056.2;1053.575
1056.5;1051.8;1054.15
1052.3;1081.95;1067.125
1082.8;1086.75;1084.775
1085.95;1092.55;1089.25
1092.65;1100.25;1096.45
1100.6;1089.2;1094.9
1089.2;1085.35;1087.275
1085.65;1106.65;1096.15
1106.8;1116.35;1111.575
1117.45;1125.55;1121.5
1125.6;1134.15;1129.875
1133.95;1130.7;1132.325
1131.55;1133.8;1132.675
1133.8;1144.65;1139.225
1145.6;1138.45;1142.025
1138.9;1140.55;1139.725
1141.45;1145.9;1143.675
1146.35;1141.05;1143.7
1146;1162.35;1154.175
1162.3;1161.65;1161.975
1161.2;1171.5;1166.35
1171.5;1159.85;1165.675
1158.7;1168.75;1163.725
1168.85;1152;1160.425
1151.85;1140;1145.925
1140;1115.8;1127.9
1115.35;1109.2;1112.275
1109.6;1119.05;1114.325
1119.95;1139.45;1129.7
1135.5;1162.75;1149.125
1163.25;1169.2;1166.225
1169.25;1174.75;1172
1175.3;1183;1179.15
1183.3;1185.85;1184.575
1185.8;1195.75;1190.775
1196.05;1203.6;1199.825
1203.9;1184.45;1194.175
1184.1;1171.05;1177.575
1170.75;1196.95;1183.85
1199.7;1222.65;1211.175
1222.6;1232.85;1227.725
1233.95;1234.75;1234.35
1235.35;1246.9;1241.125
1247;1247.75;1247.375
1247.9;1281.4;1264.65
1286.05;1277.7;1281.875
1280.8;1287.4;1284.1
1288.2;1300.95;1294.575
1301.5;1311.15;1306.325
1311.95;1271.1;1291.525
1270.2;1318.2;1294.2
1318.75;1340.3;1329.525
1340.2;1341.05;1340.625
1341.2;1356.55;1348.875
1356.7;1375.95;1366.325
1375.95;1385.45;1380.7
1387.2;1359.35;1373.275
1358.9;1372.7;1365.8
1373;1398.4;1385.7
1398.4;1417.35;1407.875
1417.8;1407.05;1412.425
1407;1409.55;1408.275
1409.65;1403.15;1406.4
1405.55;1372.1;1388.825
1371.75;1329.25;1350.5
1330.15;1357.95;1344.05
1357.95;1341.6;1349.775
1341.45;1302.35;1321.9
1303.2;1322.15;1312.675
1319.25;1302.9;1311.075
1302.85;1328.2;1315.525
1324.85;1372.05;1348.45
1371.45;1357.2;1364.325
1357.55;1386.95;1372.25
1386.9;1399.95;1393.425
1400.7;1417.1;1408.9
1416.6;1420.85;1418.725
1420.85;1449.3;1435.075
1449.45;1478.9;1464.175
1478.95;1477.85;1478.4
1477.85;1478.6;1478.225
1487.85;1502.1;1494.975
1507.1;1523.1;1515.1
1523.35;1546.75;1535.05
1548.7;1520.8;1534.75
1521.45;1537;1529.225
1537.3;1555.7;1546.5
1565.2;1569.45;1567.325
1569.7;1542.7;1556.2
1546.2;1506.5;1526.35
1506.75;1494.1;1500.425
1494.75;1470.45;1482.6
1485.8;1506.05;1495.925
1506.05;1521.95;1514
1522.05;1485.3;1503.675
1485.45;1481.75;1483.6
1481.3;1498.45;1489.875
1499.25;1516.85;1508.05
1517.1;1555.9;1536.5
1556.5;1601.65;1579.075
1601.3;1618.7;1610
1618.7;1609.15;1613.925
1610.55;1612.2;1611.375
1612.1;1592.05;1602.075
1603.55;1594.5;1599.025
1594.5;1601.15;1597.825
1601.3;1603.8;1602.55
1610.4;1579.95;1595.175
1577.2;1550.45;1563.825
1549.65;1562.8;1556.225
1563.1;1579.9;1571.5
1579.15;1564.4;1571.775
1563.95;1540.6;1552.275
1542.85;1522.3;1532.575
1520.4;1540.7;1530.55
1541.35;1543.9;1542.625
1543.95;1568.65;1556.3
1568.85;1598.35;1583.6
1598.55;1615.25;1606.9
1615.85;1657.65;1636.75
1657.65;1658.5;1658.075
1660.7;1670.5;1665.6
1670.65;1675.2;1672.925
1675.5;1645.8;1660.65
1644.85;1646.25;1645.55
1646.4;1675.85;1661.125
1675.75;1686.9;1681.325
1688.35;1695.4;1691.875
1695.8;1698.9;1697.35
1699.7;1723.95;1711.825
1723.9;1736.25;1730.075
1736.35;1733.25;1734.8
1733.2;1756.1;1744.65
1757;1778.55;1767.775
1778.85;1789.15;1784
1789.1;1780.3;1784.7
1788.45;1808.7;1798.575
1804.7;1837.05;1820.875
1838.05;1874.05;1856.05
1878.9;1873.25;1876.075
1868.9;1879.75;1874.325
1880.35;1912.25;1896.3
1912.25;1946.05;1929.15
1946.3;1955;1950.65
1955.1;1926.7;1940.9
1927.95;1916.75;1922.35
1918.1;1968.55;1943.325
1969;1971.9;1970.45
1972;1945.6;1958.8
1944.7;1963.6;1954.15
1987.4;1982.15;1984.775
1983.2;1944.45;1963.825
1944.15;1900.65;1922.4
1901.9;1935.35;1918.625
1928.8;1893.25;1911.025
1895.45;1824.6;1860.025
1824.7;1770.5;1797.6
1771.1;1847.55;1809.325
1847.9;1904.7;1876.3
1903.9;1863.1;1883.5
1863;1843.6;1853.3
1843.7;1809.75;1826.725
1809.3;1769;1789.15
1769.1;1822.2;1795.65
1823.5;1804.5;1814
1804.35;1833.65;1819
1834.9;1880.7;1857.8
1880.85;1880.75;1880.8
1891.8;1891.5;1891.65
1892.2;1885.3;1888.75
1875.6;1913.6;1894.6
1914.45;1913.55;1914
1913.55;1920.1;1916.825
1920;1916.45;1918.225
1916.65;1858.3;1887.475
1858.25;1852.65;1855.45
1853;1808.2;1830.6
1808.4;1821.35;1814.875
1833.65;1786.8;1810.225
1787.45;1765.8;1776.625
1765.9;1800.3;1783.1
1798.35;1852.7;1825.525
1852.45;1860.4;1856.425
1859.3;1843.85;1851.575
1843.9;1867.7;1855.8
1868.15;1885.25;1876.7
1884.5;1866.05;1875.275
1866.3;1844.35;1855.325
1843.95;1805.4;1824.675
1805.2;1812.2;1808.7
1812.45;1763.4;1787.925
1763.35;1749.35;1756.35
1749.6;1749.85;1749.725
1750;1716.65;1733.325
1716.3;1725.1;1720.7
1726.3;1685;1705.65
1685.15;1696.4;1690.775
1697.4;1692.1;1694.75
1691.95;1704.45;1698.2
1704.45;1747.5;1725.975
1747.35;1762.05;1754.7
1762.15;1750.15;1756.15
1744.6;1771.9;1758.25
1771.45;1819.65;1795.55
1856.1;1841.1;1848.6
1841.1;1856.6;1848.85
1870.8;1851.15;1860.975
1856.4;1848.7;1852.55
1854;1853.55;1853.775
1860.3;1838.2;1849.25
1838.5;1878.45;1858.475
1878.5;1861.95;1870.225
1863.85;1868.95;1866.4
1869.2;1868.1;1868.65
1868.2;1844.05;1856.125
1844.4;1844.25;1844.325
1844.35;1873.35;1858.85
1873.55;1889.55;1881.55
1890.85;1892.45;1891.65
1890.05;1817.25;1853.65
1819;1816.55;1817.775
1816.7;1808.95;1812.825
1820.55;1796.1;1808.325
1796.1;1766.7;1781.4
1769.1;1793.1;1781.1
1789.45;1809.9;1799.675
1810.3;1832.8;1821.55
1832.85;1804.45;1818.65
1804.4;1769.1;1786.75
1768.7;1699.45;1734.075
1699.25;1711.1;1705.175
1707.95;1717.5;1712.725
1717.05;1582.4;1649.725
1582.5;1388.75;1485.625
1392.95;1503.95;1448.45
1508.05;1567.85;1537.95
1566.5;1543.85;1555.175
1545.05;1560.2;1552.625
1563.65;1608.85;1586.25
1608.9;1606.7;1607.8
1608.15;1598.8;1603.475
1590.15;1586.4;1588.275
1586.35;1508.75;1547.55
1507.05;1483.6;1495.325
1483.9;1507.9;1495.9
1508;1535.2;1521.6
1535.8;1495.1;1515.45
1494.85;1521.1;1507.975
1521.6;1542.55;1532.075
1542.6;1550.55;1546.575
1550.45;1548.3;1549.375
1547.7;1544.75;1546.225
1544.95;1508.45;1526.7
1508.15;1481.35;1494.75
1481.45;1501;1491.225
1500.95;1494.75;1497.85
1494.7;1512.05;1503.375
1511.95;1491.2;1501.575
1490.75;1482;1486.375
1482.85;1474.7;1478.775
1474.8;1446.1;1460.45
1445.35;1470.75;1458.05
1471.5;1488.5;1480
1488.6;1514.35;1501.475
1514.35;1518.3;1516.325
1518.7;1505.6;1512.15
1506.65;1537.2;1521.925
1537.05;1537.5;1537.275
1537.55;1526.85;1532.2
1526.65;1558.25;1542.45
1558.05;1566.8;1562.425
1567.25;1518.15;1542.7
1517.45;1553.2;1535.325
1548.6;1556.95;1552.775
1560;1539.3;1549.65
1535.1;1522.75;1528.925
1523.1;1539.4;1531.25
1538.15;1558.8;1548.475
1559.2;1571.6;1565.4
1571.7;1566.1;1568.9
1566.15;1581.4;1573.775
1581.6;1598.1;1589.85
1587.6;1601.6;1594.6
1602.15;1618;1610.075
1617.95;1600.75;1609.35
1600.85;1594.15;1597.5
1594.7;1618.7;1606.7
1618.9;1632.3;1625.6
1631.55;1639.05;1635.3
1639.95;1630.6;1635.275
1631.3;1626.55;1628.925
1626.4;1654.95;1640.675
1654.85;1633.4;1644.125
1633.25;1642.6;1637.925
1642.75;1652.15;1647.45
1652.1;1621.6;1636.85
1624.3;1607.2;1615.75
1598.2;1598.2;1598.2
1597.5;1599.15;1598.325
1624;1604.35;1614.175
1604.15;1581.8;1592.975
1581.9;1609.2;1595.55
1609.2;1590.35;1599.775
1590.9;1578.2;1584.55
1578.2;1591.6;1584.9
1592.2;1595.7;1593.95
1595.75;1610.75;1603.25
1610.85;1609;1609.925
1609.45;1628.45;1618.95
1628.5;1631.75;1630.125
1631.7;1635.45;1633.575
1635.5;1629.3;1632.4
1629.65;1634.1;1631.875
1634.6;1644;1639.3
1643.95;1650.15;1647.05
1650.6;1656.25;1653.425
1656.25;1649;1652.625
1649.45;1668.75;1659.1
1668.25;1675.2;1671.725
1675.2;1685.55;1680.375
1685.7;1683.2;1684.45
1683.6;1705.7;1694.65
1702.7;1733.65;1718.175
1734.05;1728.8;1731.425
1728.75;1750.2;1739.475
1749.75;1753.9;1751.825
1753.1;1726.15;1739.625
1726.15;1722.5;1724.325
1722.4;1717.5;1719.95
1717.45;1700.25;1708.85
1700.55;1727.95;1714.25
1728.3;1745.5;1736.9
1744.4;1775.15;1759.775
1776.75;1805.65;1791.2
1805.85;1812.45;1809.15
1811.7;1794.9;1803.3
1793;1815.7;1804.35
1815.65;1820.2;1817.925
1812.85;1817.8;1815.325
1817.85;1807.75;1812.8
1808.45;1786.9;1797.675
1784.8;1794.75;1789.775
1794.8;1795;1794.9
1796.05;1786;1791.025
1787.2;1808.4;1797.8
1808.6;1790.05;1799.325
1790.35;1779.75;1785.05
1780;1757.25;1768.625
1777.85;1781.05;1779.45
1781.15;1783.85;1782.5
1783.9;1800.1;1792
1800.85;1786.9;1793.875
1787.3;1797.75;1792.525
1798.3;1813.7;1806
1814.15;1837.4;1825.775
1837.8;1834.85;1836.325
1836.05;1852.3;1844.175
1852.45;1862.8;1857.625
1863.55;1858.75;1861.15
1859.65;1876.1;1867.875
1876.45;1870.55;1873.5
1871.9;1872.95;1872.425
1872.8;1879;1875.9
1879.05;1888.65;1883.85
1890.45;1892.05;1891.25
1891.95;1872.35;1882.15
1872.55;1873.35;1872.95
1873.35;1892.6;1882.975
1893.15;1904.05;1898.6
1904.25;1901.05;1902.65
1899.3;1939.65;1919.475
1940.25;1958.8;1949.525
1960.75;1962.05;1961.4
1962.75;1999;1980.875
1991.9;1996.2;1994.05
1996.3;1993.15;1994.725
1990.6;1992.7;1991.65
1994.15;1977.95;1986.05
1977.8;1989.95;1983.875
1990.2;1969;1979.6
1970.6;1985.35;1977.975
1985.2;2006.8;1996
2006.8;2028.7;2017.75
2028.8;2033.2;2031
2032.85;2012.1;2022.475
2012.5;2026.85;2019.675
2027.8;2044.65;2036.225
2040.6;2035.35;2037.975
2035.6;2045.15;2040.375
2045.35;2062.7;2054.025
2061.6;2062.6;2062.1
2063.6;2071.35;2067.475
2071.55;2069.6;2070.575
2070.55;2059.8;2065.175
2059.85;2080.5;2070.175
2080;2115;2097.5
2116.95;2103.75;2110.35
2103.75;2032.2;2067.975
2031.55;1998.35;2014.95
1998.25;2015.5;2006.875
2016.75;1982;1999.375
1982.7;1952.05;1967.375
1953.6;1913.6;1933.6
1922.5;1954.55;1938.525
1954.9;1931.1;1943
1931.75;1932.9;1932.325
1933.05;1934.05;1933.55
1934.1;1926.65;1930.375
1928.1;1925.3;1926.7
1925.3;1909;1917.15
1908.85;1931.85;1920.35
1931.9;1955;1943.45
1955.25;2008.3;1981.775
2008.45;2057.6;2033.025
2057.75;2059.85;2058.8
2062.15;2052.25;2057.2
2052.35;2079.45;2065.9
2079.4;2077.95;2078.675
2097.45;2055.1;2076.275
2055;2055.15;2055.075
2055.2;2070;2062.6
2070.1;2063.35;2066.725
2063.35;2082.05;2072.7
2083.05;2098.25;2090.65
2098.25;2089.95;2094.1
2090;2068.8;2079.4
2069.1;2061.9;2065.5
2062.45;2055.55;2059
2055.15;2043.2;2049.175
2043.4;2058.4;2050.9
2058.7;2057.1;2057.9
2057.75;2055.3;2056.525
2057.3;2060.9;2059.1
2061.2;2103.25;2082.225
2103.1;2084.4;2093.75
2084.6;2093.25;2088.925
2093.4;2128.85;2111.125
2129.1;2148.15;2138.625
2148.25;2160.1;2154.175
2160.65;2168.95;2164.8
2169.1;2160.8;2164.95
2160.85;2167.4;2164.125
2167.7;2154;2160.85
2153.8;2146.35;2150.075
2146.55;2128.95;2137.75
2129.35;2125.55;2127.45
2123.95;2098.5;2111.225
2097.75;2109.15;2103.45
2117.95;2096.6;2107.275
2096.75;2061.6;2079.175
2061.2;2026.4;2043.8
2026.6;2015.4;2021
2015.75;2029.45;2022.6
2029.4;1983.85;2006.625
1983.65;1993.7;1988.675
1994.5;2035.65;2015.075
2035.9;2067.65;2051.775
2067.65;2063.4;2065.525
2063.2;2052.55;2057.875
2054;2069.3;2061.65
2069.15;2052.85;2061
2053.05;2031.2;2042.125
2032.75;2008.2;2020.475
2002.75;2024.95;2013.85
2024.9;2025.45;2025.175
2022.5;1956.3;1989.4
1955.5;1927.8;1941.65
1927.9;1909.4;1918.65
1908.5;1929.7;1919.1
1930.5;1948.55;1939.525
1950.6;1967.35;1958.975
1968.45;1970.95;1969.7
1971.05;1957.1;1964.075
1959.45;1935.4;1947.425
1935.65;1941.3;1938.475
1943.2;1902.5;1922.85
1903.1;1916.75;1909.925
1916.95;1920.7;1918.825
1920.5;1942.6;1931.55
1942.6;1963.3;1952.95
1962.3;1977.5;1969.9
1978.05;2000.75;1989.4
2001;1994.3;1997.65
1990.55;1985.95;1988.25
1985.95;1993.15;1989.55
1992.5;1988.3;1990.4
1991.5;2012.6;2002.05
2013.1;1990.8;2001.95
1990.65;1982.75;1986.7
1983.15;1990.85;1987
1991.85;1992.4;1992.125
1992.1;2013.9;2003
2016;2028.6;2022.3
2028.55;2043.85;2036.2
2043.5;2074.7;2059.1
2073.25;2076.4;2074.825
2076.55;2072.4;2074.475
2072.5;2087.55;2080.025
2087.8;2087.55;2087.675
2087.85;2064.65;2076.25
2064.1;2094.25;2079.175
2094.1;2092.35;2093.225
2092;2092.8;2092.4
2091.95;2098.15;2095.05
2094.7;2112.4;2103.55
2112.25;2103.2;2107.725
2103.45;2090.6;2097.025
2090.7;2102.75;2096.725
2103.65;2112.35;2108
2110.5;2128.65;2119.575
2128.3;2123.7;2126
2123.6;2123.4;2123.5
2130.8;2144.35;2137.575
2144.75;2170;2157.375
2167.8;2187.35;2177.575
2187.35;2183.85;2185.6
2184;2194.35;2189.175
2194.35;2199.8;2197.075
2199.8;2169.85;2184.825
2170.2;2191.65;2180.925
2191.55;2220.6;2206.075
2220.45;2211.9;2216.175
2212.05;2230.65;2221.35
2231.2;2210.75;2220.975
2211.35;2228.2;2219.775
2228.3;2179.4;2203.85
2183.55;2196.2;2189.875
2195.55;2218.85;2207.2
2219.1;2220.8;2219.95
2221.45;2204.05;2212.75
2204.4;2185.1;2194.75
2185.1;2212.55;2198.825
2212.95;2234;2223.475
2234.25;2237.3;2235.775
2236.9;2241.9;2239.4
2240.95;2230.5;2235.725
2231;2265.6;2248.3
2266.65;2291.75;2279.2
2289.25;2303.15;2296.2
2304.25;2319.1;2311.675
2318.05;2312.3;2315.175
2312.05;2318.05;2315.05
2321.9;2353.65;2337.775
2359.1;2357;2358.05
2357.75;2367.8;2362.775
2367.35;2361.2;2364.275
2361.95;2324.4;2343.175
2324.75;2318.7;2321.725
2322.3;2360.15;2341.225
2358.9;2380.9;2369.9
2381.05;2361.55;2371.3
2361.65;2369.8;2365.725
2369.8;2403.15;2386.475
2404.65;2388.45;2396.55
2400.8;2383.45;2392.125
2383.45;2367.85;2375.65
2369.55;2326.1;2347.825
2326.1;2322.5;2324.3
2323.1;2354.55;2338.825
2354.6;2357.05;2355.825
2359.2;2337.65;2348.425
2337.8;2367.75;2352.775
2369.05;2384.65;2376.85
2384.7;2405.75;2395.225
2406.45;2415.8;2411.125
2417.1;2422.95;2420.025
2422.4;2428.65;2425.525
2429;2454.45;2441.725
2448.8;2455.45;2452.125
2455.85;2484.15;2470
2484;2500.35;2492.175
2500.4;2492.45;2496.425
2492.85;2523.95;2508.4
2524.9;2552.35;2538.625
2555.45;2567.1;2561.275
2567.2;2578;2572.6
2576.7;2567.3;2572
2567.85;2476.5;2522.175
2480.5;2477.75;2479.125
2477.85;2557.35;2517.6
2558.5;2574.85;2566.675
2574.45;2598.05;2586.25
2598.6;2611.2;2604.9
2607.9;2601.4;2604.65
2601;2630.05;2615.525
2630;2663.35;2646.675
2663.7;2644.4;2654.05
2643.8;2579.15;2611.475
2577.2;2574.05;2575.625
2577.1;2566.85;2571.975
2569.15;2589.55;2579.35
2584.4;2537.3;2560.85
2537.7;2484.4;2511.05
2488.4;2485.15;2486.775
2485.25;2468.2;2476.725
2467.8;2412.45;2440.125
2421.4;2395.45;2408.425
2397.85;2443.75;2420.8
2444.2;2394.85;2419.525
2394.95;2418.2;2406.575
2418.45;2408.5;2413.475
2408.95;2352.9;2380.925
2352.65;2316.05;2334.35
2314.85;2370.95;2342.9
2366.8;2386.75;2376.775
2386.45;2419.05;2402.75
2419.25;2461.6;2440.425
2463.65;2492.65;2478.15
2493.1;2489.1;2491.1
2489.1;2500.7;2494.9
2500.85;2548.65;2524.75
2548.55;2558.7;2553.625
2559.45;2582.75;2571.1
2558.45;2603.95;2581.2
2604;2620.05;2612.025
2620.1;2602.5;2611.3
2603.25;2572.85;2588.05
2572.85;2608.6;2590.725
2608.9;2635;2621.95
2635.35;2664.3;2649.825
2664.85;2683.45;2674.15
2683.6;2712;2697.8
2712.35;2698.3;2705.325
2698.1;2652.25;2675.175
2651.6;2698.95;2675.275
2699.55;2697.95;2698.75
2697.6;2660.5;2679.05
2661.4;2662.3;2661.85
2662.3;2693;2677.65
2694.95;2706.7;2700.825
2706.75;2756.45;2731.6
2756.4;2776.2;2766.3
2776.8;2812.3;2794.55
2812.8;2804.55;2808.675
2805.2;2778.55;2791.875
2778.65;2810.15;2794.4
2808.35;2842.6;2825.475
2843.15;2826.2;2834.675
2826.45;2822.9;2824.675
2826.7;2835.25;2830.975
2835.7;2804.85;2820.275
2804.3;2749.6;2776.95
2746.25;2805.9;2776.075
2806.8;2794.05;2800.425
2792.75;2821.95;2807.35
2823.95;2836.55;2830.25
2836.8;2835.95;2836.375
2835.95;2883.35;2859.65
2883;2904.4;2893.7
2904.45;2899.85;2902.15
2899.85;2914;2906.925
2913.35;2910.1;2911.725
2910.15;2870.8;2890.475
2869.35;2850.7;2860.025
2851.4;2850.55;2850.975
2851.35;2833.1;2842.225
2833.8;2829.1;2831.45
2809.9;2809.2;2809.55
2811.1;2870.85;2840.975
2870.8;2900.95;2885.875
2900.3;2884.05;2892.175
2886.35;2908;2897.175
2908.75;2940.35;2924.55
2941.9;2982.75;2962.325
2983.3;2974.5;2978.9
2968.95;3001.1;2985.025
3001.3;2971.55;2986.425
2972.2;2967.45;2969.825
2968.1;2940.6;2954.35
2940.95;3000.45;2970.7
3001.15;3020.1;3010.625
3018.2;3008.95;3013.575
3009.15;3027.55;3018.35
3026.15;3041.15;3033.65
3040.25;3017.55;3028.9
3001.4;3022.2;3011.8
3023.1;3021.6;3022.35
3021.65;2981.5;3001.575
2982.35;3005.85;2994.1
3008.55;3035.5;3022.025
3035.65;3050.8;3043.225
3050.85;3062.1;3056.475
3061.7;3050.05;3055.875
3050.3;3067.45;3058.875
3067.9;3074.7;3071.3
3074.6;3123.1;3098.85
3124.25;3150.7;3137.475
3151.3;3147.35;3149.325
3147.25;3190.4;3168.825
3190.45;3182.8;3186.625
3183.45;3116.7;3150.075
3116.75;3129.1;3122.925
3129.05;3183.9;3156.475
3184.1;3202.65;3193.375
3197.2;3195.35;3196.275
3197.3;3226.6;3211.95
3226.9;3234.05;3230.475
3234.2;3265.65;3249.925
3264.65;3262.3;3263.475
3263.35;3240.15;3251.75
3240.85;3247.15;3244
3247.15;3279.8;3263.475
3283.4;3321.65;3302.525
3321.45;3325;3323.225
3324.85;3354.2;3339.525
3354.25;3418.95;3386.6
3420.55;3402.55;3411.55
3403.15;3473.3;3438.225
3473.1;3483.15;3478.125
3483.15;3510.9;3497.025
3525.6;3454.8;3490.2
3455;3478.45;3466.725
3479.1;3380;3429.55
3380.4;3345.5;3362.95
3342.15;3425.15;3383.65
3429;3518.1;3473.55
3523.65;3535.85;3529.75
3539.8;3573.5;3556.65
3576.75;3573.05;3574.9
3572.8;3548.9;3560.85
3548.8;3462.65;3505.725
3462.65;3555.75;3509.2
3554.7;3508.1;3531.4
3507.45;3508.35;3507.9
3508.35;3557.6;3532.975
3557.55;3605.45;3581.5
3604.4;3634.25;3619.325
3630.65;3648.4;3639.525
3649.45;3663.95;3656.7
3668.65;3693.15;3680.9
3694.65;3720.55;3707.6
3720.75;3754.25;3737.5
3755.8;3701.05;3728.425
3704.15;3650.05;3677.1
3651;3502.95;3576.975
3502.95;3523.3;3513.125
3525.05;3635.1;3580.075
3636.45;3388.9;3512.675
3391.85;3246.9;3319.375
3254.3;3081.35;3167.825
3068.6;3199.35;3133.975
3203.5;3115.55;3159.525
3114.7;3177.7;3146.2
3177.7;3209.6;3193.65
3207.25;3214.9;3211.075
3215.5;3185.3;3200.4
3181.95;3071.05;3126.5
3072.55;2962.25;3017.4
2961.5;3091.35;3026.425
3092.6;3016.65;3054.625
3015.05;2937.3;2976.175
2935.25;2860.45;2897.85
2856.9;2724.35;2790.625
2721.2;2866.3;2793.75
2867.65;2776.85;2822.25
2773.6;2663.3;2718.45
2665.05;2632.8;2648.925
2634.1;2798.8;2716.45
2799.85;2890.35;2845.1
2892;2916.9;2904.45
2919;2861.3;2890.15
2861.4;2923.45;2892.425
2923.75;2994.75;2959.25
2993.55;3042.7;3018.125
3043.15;3050.3;3046.725
3051.8;2943.2;2997.5
2943.6;2982.45;2963.025
2982.2;2981.1;2981.65
2982.9;2997.9;2990.4
2993.5;3128.2;3060.85
3128.75;3150.95;3139.85
3151.05;3138.65;3144.85
3136.95;3197.1;3167.025
3197.5;3156.4;3176.95
3157.95;3075.85;3116.9
3077.1;3142;3109.55
3145.3;3116.15;3130.725
3124.95;3195.9;3160.425
3196.3;3169.3;3182.8
3166.25;3123.35;3144.8
3123.65;3007.55;3065.6
3007.15;2993.65;3000.4
2995.85;2932.75;2964.3
2943.65;3023.05;2983.35
3025.1;2945;2985.05
2944.9;2985.85;2965.375
2989.5;3040.5;3015
3040.45;3110.15;3075.3
3109.85;3156.15;3133
3158;3130.8;3144.4
3131.35;3143.2;3137.275
3128.2;3147.8;3138
3129.45;3182.1;3155.775
3182.55;3190;3186.275
3189.7;3176.75;3183.225
3176.7;3151.1;3163.9
3151.55;3212.4;3181.975
3211.55;3254.6;3233.075
3254.6;3260.1;3257.35
3260.05;3274.35;3267.2
3274.95;3313.1;3294.025
3314.75;3356.05;3335.4
3359.7;3353.9;3356.8
3354.5;3356.75;3355.625
3356.8;3366;3361.4
3369.6;3364.6;3367.1
3363.6;3335.8;3349.7
3336.65;3370.4;3353.525
3368.55;3385.95;3377.25
3386;3401.1;3393.55
3405.05;3425.7;3415.375
3425.8;3430.35;3428.075
3404.5;3413.9;3409.2
3414;3435.45;3424.725
3435.55;3476.85;3456.2
3471.4;3473.75;3472.575
3474.4;3477.25;3475.825
3477.15;3454.55;3465.85
3454.65;3471.45;3463.05
3470.35;3366.15;3418.25
3363.3;3389.9;3376.6
3389.85;3454.55;3422.2
3454.6;3471.6;3463.1
3471.65;3478.6;3475.125
3478.65;3492.75;3485.7
3493.5;3457.35;3475.425
3457.85;3502.8;3480.325
3506.7;3553.05;3529.875
3554.05;3544.05;3549.05
3545.1;3523.45;3534.275
3523.7;3571.75;3547.725
3571.75;3579.3;3575.525
3579.95;3571.75;3575.85
3572.15;3588.4;3580.275
3588.95;3569.6;3579.275
3570.95;3515.35;3543.15
3515.6;3564.9;3540.25
3565.45;3569.7;3567.575
3570.05;3567.15;3568.6
3567.45;3571.05;3569.25
3581.55;3558.55;3570.05
3562.55;3621.05;3591.8
3621.65;3676.05;3648.85
3668.9;3723.95;3696.425
3726.4;3715;3720.7
3715.2;3710.65;3712.925
3711.1;3677.8;3694.45
3678.75;3676.85;3677.8
3680.85;3683.5;3682.175
3683.4;3657.3;3670.35
3656.2;3677.55;3666.875
3676.85;3739.35;3708.1
3739.35;3769.1;3754.225
3770.5;3744.1;3757.3
3744.1;3767.05;3755.575
3769.4;3791.2;3780.3
3793.05;3805.35;3799.2
3804.75;3809.25;3807
3812.15;3798.75;3805.45
3799.2;3777.3;3788.25
3777.8;3796.4;3787.1
3796.05;3834.75;3815.4
3834.8;3858.75;3846.775
3862;3865.9;3863.95
3865.95;3876.3;3871.125
3876.4;3876.85;3876.625
3877;3852.8;3864.9
3852.65;3856.15;3854.4
3859.5;3918.25;3888.875
3918.3;3954.75;3936.525
3955.3;3945.45;3950.375
3945.45;3950.85;3948.15
3974.95;3968.9;3971.925
3966;3921.75;3943.875
3922.5;3928.2;3925.35
3929.4;3954.5;3941.95
3955.7;3997.6;3976.65
4002.4;4001;4001.7
4001.25;4015.75;4008.5
4016;4015.95;4015.975
4015;4015.35;4015.175
4015.75;3962;3988.875
3961.9;3849.5;3905.7
3849.1;3716.9;3783
3716.75;3765.2;3740.975
3765.7;3843.05;3804.375
3849.6;3888.65;3869.125
3888.2;3928.75;3908.475
3928.85;3832;3880.425
3832.15;3815.55;3823.85
3814.75;3833.5;3824.125
3834.9;3871.15;3853.025
3871.3;3940.5;3905.9
3942.75;3974.25;3958.5
3974.2;3970.55;3972.375
3971.65;3966.4;3969.025
3966.25;4007.4;3986.825
4007.7;4024.05;4015.875
4027.3;3988.8;4008.05
3990.15;3983.4;3986.775
3983.3;3933.4;3958.35
3933.3;3911.4;3922.35
3910.95;3850.3;3880.625
3852.15;3942.25;3897.2
3944.55;4052.45;3998.5
4052.85;4078.4;4065.625
4090.7;4080.5;4085.6
4084.9;4076.45;4080.675
4075.2;4109.05;4092.125
4126;4090.15;4108.075
4089.6;4102.45;4096.025
4102.65;4066.1;4084.375
4066.6;4089.9;4078.25
4092.05;4147.7;4119.875
4148.4;4124.45;4136.425
4123.85;4082.7;4103.275
4083.4;4137.2;4110.3
4140.2;4183.5;4161.85
4193.15;4215.35;4204.25
4216.55;4195.9;4206.225
4198.2;4224.25;4211.225
4232;4223.4;4227.7
4223.5;4187.4;4205.45
4187.2;4058.3;4122.75
4069.1;4044.55;4056.825
4044.9;4047.1;4046
4046.8;4146.2;4096.5
4149.25;4164.55;4156.9
4164.85;4106.95;4135.9
4107.15;4096.2;4101.675
4096.65;4040;4068.325
4046;3938.95;3992.475
3939.1;3942;3940.55
3948.05;3893.9;3920.975
3893.4;3745.3;3819.35
3745.4;3811.2;3778.3
3811.65;3726.75;3769.2
3726.5;3576.5;3651.5
3577.15;3655.65;3616.4
3661.55;3626.85;3644.2
3627.25;3761.65;3694.45
3761.85;3718;3739.925
3717.45;3734.6;3726.025
3735.25;3770.55;3752.9
3768.4;3641.1;3704.75
3644.9;3643.6;3644.25
3639.35;3608.55;3623.95
3611.3;3678.9;3645.1
3680.35;3697.6;3688.975
3697.7;3764.55;3731.125
3764.5;3875.9;3820.2
3876.75;3861.05;3868.9
3863.45;3819.95;3841.7
3818.75;3761.1;3789.925
3759.15;3798.1;3778.625
3788.85;3821.55;3805.2
3820;3633.6;3726.8
3633.85;3690.65;3662.25
3689.75;3733.25;3711.5
3735.2;3752;3743.6
3752.9;3843.5;3798.2
3844.15;3848.15;3846.15
3848.35;3862.65;3855.5
3861.85;3829.85;3845.85
3830.35;3917.35;3873.85
3920.5;4013.35;3966.925
4014.4;3984.95;3999.675
3989.6;4011.6;4000.6
3998.5;3997.65;3998.075
4000.25;4083.55;4041.9
4083.55;4085.1;4084.325
4085.1;4141.8;4113.45
4134.25;4167.3;4150.775
4170.05;4177.85;4173.95
4182;4083.5;4132.75
4081.6;4087.9;4084.75
4089.45;4150.85;4120.15
4168.9;4117.35;4143.125
4117.5;4111.15;4114.325
4111.25;4077;4094.125
4077.25;4079.3;4078.275
4079.6;4066.8;4073.2
4070.2;4076.65;4073.425
4078.8;4134.3;4106.55
4134.3;4120.3;4127.3
4125.4;4170.95;4148.175
4172.1;4219.55;4195.825
4216.5;4214.5;4215.5
4217.65;4260.9;4239.275
4263.1;4278.1;4270.6
4279.6;4246.2;4262.9
4246.2;4204.9;4225.55
4197.85;4248.15;4223
4248.35;4256.55;4252.45
4257.6;4293.25;4275.425
4292.7;4249.65;4271.175
4250.25;4295.8;4273.025
4296.05;4297.05;4296.55
4300.7;4267.05;4283.875
4268.9;4284.65;4276.775
4285.75;4198.25;4242
4197.6;4179.5;4188.55
4179.5;4145;4162.25
4183.75;4145.6;4164.675
4139.7;4155.2;4147.45
4155.2;4113.05;4134.125
4113.2;4170;4141.6
4186.4;4171.45;4178.925
4177;4147.1;4162.05
4143.85;4214.3;4179.075
4214.3;4248.65;4231.475
4248.65;4267.4;4258.025
4267.55;4252.05;4259.8
4251.4;4259.4;4255.4
4259.4;4285.7;4272.55
4286.2;4263.95;4275.075
4263.9;4282;4272.95
4282.4;4318.3;4300.35
4318.4;4313.75;4316.075
4315.05;4357.55;4336.3
4358.25;4359.3;4358.775
4359.2;4353.95;4356.575
4353.1;4384.85;4368.975
4385.45;4419.4;4402.425
4419.1;4406.05;4412.575
4403.8;4387.15;4395.475
4388.05;4446.15;4417.1
4446.4;4504.55;4475.475
4505.95;4512.15;4509.05
4497.1;4496.75;4496.925
4498.65;4499.55;4499.1
4500.35;4562.1;4531.225
4563.75;4566.05;4564.9
4564.25;4619.35;4591.8
4620.05;4620.75;4620.4
4620.5;4588.7;4604.6
4593.1;4619.8;4606.45
4618.65;4445.2;4531.925
4442.35;4440.05;4441.2
4444.25;4528.85;4486.55
4528.85;4345.85;4437.35
4356.35;4356.35;4356.35
4355.75;4401.55;4378.65
4404.05;4339.5;4371.775
4341.5;4356.35;4348.925
4357;4462.1;4409.55
4462.25;4403.2;4432.725
4393.6;4333.35;4363.475
4324.65;4373.65;4349.15
4373.9;4370.2;4372.05
4366;4178.6;4272.3
4171.1;4108.05;4139.575
4108.95;4209.05;4159
4209.55;4074.9;4142.225
4081.25;4153.15;4117.2
4160.1;4114.95;4137.525
4113.05;4190.15;4151.6
4193.6;4302.6;4248.1
4302.4;4320.7;4311.55
4317.7;4359.3;4338.5
4360.35;4412.3;4386.325
4412.6;4464;4438.3
4466.65;4474.75;4470.7
4481.55;4479.25;4480.4
4479.6;4475.85;4477.725
4475.7;4518.6;4497.15
4518.65;4509.5;4514.075
4506.85;4507.85;4507.35
4509.65;4497.05;4503.35
4498.65;4496.85;4497.75
4498.05;4528.95;4513.5
4530;4518;4524
4518.45;4494.65;4506.55
4494.1;4546.2;4520.15
4550.25;4732.35;4641.3
4734.85;4747.55;4741.2
4752.95;4837.55;4795.25
4837.15;4932.2;4884.675
4939.1;4938.85;4938.975
4937.6;4940.5;4939.05
4942.7;5000.55;4971.625
4996.45;5021.35;5008.9
5021.5;5068.95;5045.225
5069;5210.8;5139.9
5211.65;5208.65;5210.15
5208.15;5185.85;5197
5186.25;5085.1;5135.675
5062.65;5327.25;5194.95
5328.15;5441.45;5384.8
5438.9;5524.85;5481.875
5525.3;5428.25;5476.775
5428.35;5670.4;5549.375
5670.65;5668.05;5669.35
5658.9;5559.3;5609.1
5551.1;5351;5451.05
5360.35;5215.3;5287.825
5202.75;5184;5193.375
5185.3;5473.7;5329.5
5477.6;5496.15;5486.875
5499.05;5568.95;5534
5564.25;5702.3;5633.275
5708.9;5905.9;5807.4
5917.55;5868.75;5893.15
5868.9;5900.65;5884.775
5903.8;5866.45;5885.125
5854.85;5932.4;5893.625
5931.9;5847.3;5889.6
5847.1;5786.5;5816.8
5782.4;5782.35;5782.375
5779.3;5698.75;5739.025
5703.45;5663.25;5683.35
5660.6;5617.1;5638.85
5612.35;5695.4;5653.875
5703.95;5937.9;5820.925
5942.7;5912.1;5927.4
5913.15;5906.85;5910
5908.05;5907.65;5907.85
5911.25;5780.9;5846.075
5778.8;5561.05;5669.925
5564.65;5519.35;5542
5524.3;5608.6;5566.45
5611.3;5731.7;5671.5
5729.25;5698.15;5713.7
5699.55;5617.55;5658.55
5617.8;5634.6;5626.2
5633.9;5762.75;5698.325
5765.45;5865;5815.225
5870.2;5858.35;5864.275
5861.9;5940;5900.95
5941.05;5954.7;5947.875
5963.6;5974.3;5968.95
5974;5960.6;5967.3
5960.4;6097.25;6028.825
6067.05;6159.3;6113.175
6159.25;6058.1;6108.675
6056.2;6047.7;6051.95
6037.95;5777;5907.475
5777.6;5742.3;5759.95
5730.25;5751.15;5740.7
5751.75;5766.5;5759.125
5771.3;5985.1;5878.2
5988.45;6070.75;6029.6
6069;6081.5;6075.25
6079.55;6079.7;6079.625
6095;6138.6;6116.8
6136.75;6144.35;6140.55
6144.7;6179.4;6162.05
6184.25;6178.55;6181.4
6179.1;6274.3;6226.7
6271;6279.1;6275.05
6282.45;6287.85;6285.15
6287.55;6272;6279.775
6278.1;6156.95;6217.525
6166.65;6200.1;6183.375
6208.8;6206.8;6207.8
6226.35;6074.25;6150.3
6065;5935.75;6000.375
5937.95;5913.2;5925.575
5907.75;5705.3;5806.525
5705;5208.8;5456.9
5203.35;4899.3;5051.325
4903.05;5203.4;5053.225
5208;5033.45;5120.725
5035.05;5383.35;5209.2
5380.95;5274.1;5327.525
5279.55;5280.8;5280.175
5283.75;5167.6;5225.675
5172.25;5137.45;5154.85
5140.6;5317.25;5228.925
5315.55;5463.5;5389.525
5463.75;5483.9;5473.825
5470.4;5322.55;5396.475
5322.55;5133.25;5227.9
5132.1;5120.35;5126.225
5120.55;4857;4988.775
4877.85;4838.25;4858.05
4836.55;4929.45;4883
4944.65;5202;5073.325
5202.85;5302.9;5252.875
5304.45;5276.9;5290.675
5278.4;5280.8;5279.6
5267.15;5154.45;5210.8
5156.9;5191.8;5174.35
5183.4;5110.75;5147.075
5112.25;5200.7;5156.475
5200.8;5270.05;5235.425
5271.4;5268.4;5269.9
5266.35;5285.1;5275.725
5285;5223.5;5254.25
5222.8;4953;5087.9
4958.55;4864.25;4911.4
4866.85;4921.4;4894.125
4918.3;4771.6;4844.95
4767.8;4800.4;4784.1
4796.3;4865.9;4831.1
4869.75;4872;4870.875
4868.7;4623.6;4746.15
4623.8;4745.8;4684.8
4745.45;4503.1;4624.275
4519.9;4533;4526.45
4534.75;4573.95;4554.35
4576.8;4609.85;4593.325
4616.8;4877.5;4747.15
4878.7;4828.85;4853.775
4828.8;4830.25;4829.525
4830;4942;4886
4942.15;4734.5;4838.325
4735.65;4739.55;4737.6
4741.4;4754.2;4747.8
4753.9;4771.6;4762.75
4766.7;4647;4706.85
4631.35;4761.2;4696.275
4760.65;4709.65;4735.15
4707.05;4747.05;4727.05
4747.55;4733;4740.275
4734.35;4777.8;4756.075
4779.95;4879.65;4829.8
4881.65;4887.3;4884.475
4890.6;4958.4;4924.5
4955.9;5037;4996.45
5037.05;5049.3;5043.175
5044.35;5022.8;5033.575
5022.9;4999.85;5011.375
4999.15;5111.7;5055.425
5112.5;5089.65;5101.075
5092.4;5195.5;5143.95
5198.35;5165.9;5182.125
5265.3;5228.2;5246.75
5227.25;5192.25;5209.75
5192.35;5144.65;5168.5
5156.7;5135.5;5146.1
5135.8;5081.7;5108.75
5070.85;4982.6;5026.725
4981;5012.65;4996.825
5008.6;4957.8;4983.2
4958.45;5011.75;4985.1
5010.9;5115.25;5063.075
5115.65;5157.7;5136.675
5157;5104.95;5130.975
5105.7;5117.65;5111.675
5117;5025.45;5071.225
5026.55;4946.55;4986.55
4953.6;4875.05;4914.325
4877.15;4859.8;4868.475
4862.7;4918.35;4890.525
4926.3;4835.3;4880.8
4844.05;4870.1;4857.075
4869.25;4739.6;4804.425
4739.3;4715.9;4727.6
4718.7;4585.6;4652.15
4586.95;4676.95;4631.95
4680.55;4627.8;4654.175
4626.45;4500.95;4563.7
4522;4449.8;4485.9
4469.65;4523.6;4496.625
4524.4;4539.35;4531.875
4539.5;4517.1;4528.3
4536.3;4572.5;4554.4
4572.5;4653;4612.75
4652.8;4582.4;4617.6
4582.55;4504.25;4543.4
4504.2;4347.55;4425.875
4351.15;4266.4;4308.775
4271.05;4191.1;4231.075
4189.6;4252.65;4221.125
4252.6;4315.85;4284.225
4315.3;4136.65;4225.975
4136.25;4040.55;4088.4
4039.75;3896.75;3968.25
3895.3;4093.35;3994.325
4094.6;3925.75;4010.175
3926.65;4016;3971.325
4002;4030;4016
4028.7;3988.55;4008.625
3990.9;4157.1;4074
4155.65;4162.2;4158.925
4166;4049;4107.5
4047.45;4039.7;4043.575
4039.3;3861.1;3950.2
3861.55;3816.7;3839.125
3823.15;3947.2;3885.175
3962.95;4092.25;4027.6
4092.2;4159.5;4125.85
4158.45;4240.1;4199.275
4246.7;4476.8;4361.75
4476.2;4433.55;4454.875
4440.85;4311.85;4376.35
4282.25;4332.1;4307.175
4332.2;4189.85;4261.025
4191.2;4313.55;4252.375
4314.35;4332.95;4323.65
4331.6;4413.55;4372.575
4426.1;4395.35;4410.725
4395.8;4502.85;4449.325
4506.25;4517.55;4511.9
4515.25;4523.85;4519.55
4518.35;4529.5;4523.925
4529.35;4620.4;4574.875
4620.95;4552.25;4586.6
4548.05;4529.05;4538.55
4524.2;4430.7;4477.45
4430.7;4393.05;4411.875
4393.1;4368.25;4380.675
4365.45;4415.75;4390.6
4416.2;4283.85;4350.025
4283.85;4327.45;4305.65
4317.95;4335.35;4326.65
4335.2;4337.5;4336.35
4336.85;4292.1;4314.475
4290.75;4214;4252.375
4230.6;4360;4295.3
4356.1;4348.65;4352.375
4358.85;4504;4431.425
4512.95;4447.75;4480.35
4444.7;4352.3;4398.5
4358.3;4482.3;4420.3
4485.15;4468.7;4476.925
4467.5;4400.25;4433.875
4397.25;4290.3;4343.775
4291.6;4228.45;4260.025
4231.95;4072.9;4152.425
4072.55;4074.9;4073.725
4074.8;4008.25;4041.525
4005.25;4038.15;4021.7
4040.8;4245.25;4143.025
4248.95;4223.05;4236
4223.9;4126.9;4175.4
4125.75;4161.25;4143.5
4162.15;4110.55;4136.35
4108.75;3985.25;4047
3990.2;3850.05;3920.125
3848.7;3921.2;3884.95
3921.85;3950.75;3936.3
3953.55;3818.3;3885.925
3817.3;3602.35;3709.825
3606.95;3606.6;3606.775
3604.4;3513.65;3559.025
3502.05;3279.95;3391
3272.9;3490.7;3381.8
3494.1;3518.65;3506.375
3517.9;3338.4;3428.15
3333.85;3269.3;3301.575
3269.05;3074.35;3171.7
3108.2;3122.8;3115.5
3125.4;3234.9;3180.15
3234.7;3065.15;3149.925
3064.8;2943.15;3003.975
2936.25;2584;2760.125
2583.75;2524.2;2553.975
2526.2;2684.6;2605.4
2685.3;2697.05;2691.175
2696.3;2885.6;2790.95
2885.4;3043.85;2964.625
3050.25;3142.1;3096.175
3155.75;2994.95;3075.35
2998.45;2892.65;2945.55
2893.25;2973;2933.125
2973.3;3148.25;3060.775
3147.2;2938.65;3042.925
2937.9;2848.45;2893.175
2848;2810.35;2829.175
2813.4;2799.55;2806.475
2802.45;2683.15;2742.8
2682.75;2635;2658.875
2634.2;2553.15;2593.675
2553.6;2693.45;2623.525
2690.85;2708.25;2699.55
2708.3;2654;2681.15
2652.45;2752.25;2702.35
2745.7;2755.1;2750.4
2755.15;2682.9;2719.025
2672.9;2657.8;2665.35
2657.5;2656.45;2656.975
2656.5;2788;2722.25
2786.65;2714.4;2750.525
2714.7;2784;2749.35
2785.7;2928.25;2856.975
2934.05;2920.15;2927.1
2915.35;2921.35;2918.35
2917.9;2981.2;2949.55
2983.6;3041.75;3012.675
3040.45;2954.35;2997.4
2955.35;3060.75;3008.05
3063;3077.5;3070.25
3077.25;3039.3;3058.275
3039.25;2968.65;3003.95
2967.4;2916.85;2942.125
2919.85;2857.25;2888.55
2857.15;2922.2;2889.675
2922.55;2979.5;2951.025
2979.8;2959.15;2969.475
2963.3;3033.45;2998.375
3034.6;3046.75;3040.675
3058.75;3121.45;3090.1
3121.5;3112.8;3117.15
3112.8;2920.4;3016.6
2919.95;2873;2896.475
2868.85;2773.1;2820.975
2775;2744.95;2759.975
2748.4;2835.3;2791.85
2832.3;2736.7;2784.5
2737;2828.45;2782.725
2828.7;2846.2;2837.45
2842.9;2796.6;2819.75
2777.4;2706.15;2741.775
2714.7;2713.8;2714.25
2705.45;2678.55;2692
2686.05;2771.35;2728.7
2771.1;2849.5;2810.3
2849.35;2823.95;2836.65
2824.05;2874.8;2849.425
2872.35;2766.65;2819.5
2773.5;2783.9;2778.7
2780.7;2803.05;2791.875
2802.75;2780.05;2791.4
2779.35;2843.1;2811.225
2843.05;2919.9;2881.475
2919.7;2934.5;2927.1
2933;2925.7;2929.35
2927.4;2893.05;2910.225
2896.95;2948.35;2922.65
2948.25;2848.5;2898.375
2853.85;2770.5;2812.175
2755.15;2776.15;2765.65
2776.7;2789.35;2783.025
2789.3;2736.45;2762.875
2737.25;2733.9;2735.575
2733.45;2762.5;2747.975
2762.2;2785.65;2773.925
2785.7;2763.65;2774.675
2764.6;2674.6;2719.6
2672.15;2622.4;2647.275
2611.95;2645.2;2628.575
2645.9;2576.7;2611.3
2576.75;2620.15;2598.45
2620.1;2573.15;2596.625
2574.5;2617.45;2595.975
2616.6;2719.25;2667.925
2716.05;2777.25;2746.65
2776.35;2757.45;2766.9
2757.65;2794.7;2776.175
2797.05;2807.15;2802.1
2807.35;2807.05;2807.2
2807.25;2939.9;2873.575
2923.8;2938.7;2931.25
2938.8;2984.35;2961.575
2982.25;3082.25;3032.25
3079.4;3108.65;3094.025
3108.75;2978.15;3043.45
2981.7;3020.95;3001.325
3023.85;3060.35;3042.1
3061.05;3211.05;3136.05
3211.35;3256.6;3233.975
3255.35;3342.95;3299.15
3346;3342.05;3344.025
3342.2;3382.6;3362.4
3381.45;3484.15;3432.8
3484.35;3369.5;3426.925
3369.5;3384.4;3376.95
3384.75;3377.1;3380.925
3376.85;3365.3;3371.075
3364.6;3330.3;3347.45
3330.5;3423.7;3377.1
3423.6;3480.75;3452.175
3481.3;3470;3475.65
3469.5;3362.35;3415.925
3371.65;3473.95;3422.8
3478.7;3654;3566.35
3664.5;3661.9;3663.2
3662;3625.05;3643.525
3617.15;3683.9;3650.525
3681.8;3620.7;3651.25
3615.75;3554.6;3585.175
3554.65;3681.1;3617.875
3668.75;3635.25;3652
3631.9;3593.45;3612.675
3597.85;3671.65;3634.75
3673.15;4323.15;3998.15
4324.95;4318.45;4321.7
4318.75;4270.3;4294.525
4270.35;4210.9;4240.625
4211.85;4238.5;4225.175
4238.1;4237.55;4237.825
4239.55;4116.7;4178.125
4117.3;4276.05;4196.675
4276.15;4337.1;4306.625
4340.75;4448.95;4394.85
4450.4;4529.9;4490.15
4530.45;4525.25;4527.85
4525.5;4530.7;4528.1
4530.3;4572.65;4551.475
4573.3;4586.9;4580.1
4582.35;4429.9;4506.125
4427.75;4550.95;4489.35
4551.7;4655.25;4603.475
4657.4;4637.7;4647.55
4637.55;4583.4;4610.475
4584.65;4484;4534.325
4478.1;4517.8;4497.95
4515.35;4356.15;4435.75
4352.95;4251.4;4302.175
4251.1;4313.6;4282.35
4314.2;4235.25;4274.725
4223.3;4247;4235.15
4247.3;4292.95;4270.125
4293.85;4241.85;4267.85
4243.95;4375.5;4309.725
4375.4;4390.95;4383.175
4391.5;4291.1;4341.3
4292.3;4340.9;4316.6
4373.5;4348.85;4361.175
4347.3;4424.25;4385.775
4429.6;4165.7;4297.65
4166;4202.15;4184.075
4201.85;4078.9;4140.375
4078.75;4080.95;4079.85
4081.4;4003.9;4042.65
4003.4;3974.05;3988.725
3974.1;4111.4;4042.75
4120.8;4233.5;4177.15
4223.5;4231.4;4227.45
4231.45;4374.95;4303.2
4377.9;4502.25;4440.075
4501.5;4469.1;4485.3
4469.3;4398.9;4434.1
4409.7;4523.75;4466.725
4524.8;4568.55;4546.675
4568.65;4572.3;4570.475
4572.8;4564.1;4568.45
4565.8;4513.5;4539.65
4513.1;4571.45;4542.275
4571.6;4636.45;4604.025
4633.8;4711.4;4672.6
4706.25;4680.5;4693.375
4680.95;4694.15;4687.55
4694.35;4585.5;4639.925
4591.9;4481.4;4536.65
4486.5;4437.65;4462.075
4435;4471.35;4453.175
4473.8;4457.5;4465.65
4458.55;4605;4531.775
4605.15;4580.05;4592.6
4578.8;4387.9;4483.35
4389.5;4458.9;4424.2
4457.75;4394.1;4425.925
4394.35;4453.45;4423.9
4453.45;4528.8;4491.125
4536.95;4642.8;4589.875
4641.65;4659.35;4650.5
4659.45;4680.85;4670.15
4679;4688.2;4683.6
4688.4;4732.35;4710.375
4730.85;4662.1;4696.475
4662.2;4625.35;4643.775
4624;4608.35;4616.175
4608.75;4593.55;4601.15
4608.7;4680.4;4644.55
4682.4;4782.9;4732.65
4782.85;4805.25;4794.05
4804.9;4814.25;4809.575
4814.35;4819.4;4816.875
4819.4;4829.55;4824.475
4830.35;4808.6;4819.475
4808.35;4892.1;4850.225
4894.65;4958.4;4926.525
4958.55;4965.55;4962.05
4963.95;4976.05;4970
4977.1;5020.2;4998.65
5019.95;4969.95;4994.95
4977.15;4986.55;4981.85
4985.1;4958.95;4972.025
4959.15;5006.85;4983
5007.65;5083.95;5045.8
5087.2;5083.4;5085.3
5076.05;5003.2;5039.625
5003.65;5027.4;5015.525
5031.7;4985.75;5008.725
5011.25;5002.25;5006.75
4993;4945.2;4969.1
4945.45;5054.25;4999.85
5054.35;5118.2;5086.275
5118.55;5108.85;5113.7
5108.65;5142.15;5125.4
5159.35;5141.8;5150.575
5145.6;5114.45;5130.025
5114.85;5063.6;5089.225
5063.35;4988.6;5025.975
4986.55;4997.05;4991.8
4997.15;4970.9;4984.025
4970.55;4846.7;4908.625
4846.55;4826.15;4836.35
4826.1;4750.55;4788.325
4751.1;4711.7;4731.4
4712.25;4563.9;4638.075
4567.3;4710.8;4639.05
4711.65;4765.55;4738.6
4767.5;4796.15;4781.825
4796.15;4898.4;4847.275
4898.9;4881.7;4890.3
4882.3;5003.95;4943.125
5004.4;4952.65;4978.525
4952.35;4998.95;4975.65
4996.5;5058.05;5027.275
5058.95;5062.25;5060.6
5061.5;5054.7;5058.1
5043.95;4989;5016.475
4988.75;5052.45;5020.6
5052.95;5103.55;5078.25
5105;5090.55;5097.775
5091.55;5108.15;5099.85
5116.45;5005.55;5061
5005.05;4941.75;4973.4
4942.25;5032.7;4987.475
5039.7;5122;5080.85
5122.75;5123.25;5123
5124.55;5131.7;5128.125
5131.7;5108.9;5120.3
5108.85;5066.7;5087.775
5068.55;5147.95;5108.25
5147.65;5112;5129.825
5112.4;5134.65;5123.525
5136.05;5117.3;5126.675
5117.45;5105.7;5111.575
5105.75;5033.05;5069.4
5032.95;5042.05;5037.5
5046.65;5041.75;5044.2
5042;4987.7;5014.85
4983.65;4952.6;4968.125
4953.35;4985.85;4969.6
4990.05;5144.6;5067.325
5144.8;5178.4;5161.6
5180.75;5187.95;5184.35
5188.75;5169.45;5179.1
5171.2;5201.05;5186.125
5200.9;5232.2;5216.55
5277.15;5277.9;5277.525
5278.15;5281.8;5279.975
5281.8;5263.1;5272.45
5264.25;5244.75;5254.5
5263.8;5249.4;5256.6
5251.1;5210.4;5230.75
5212.6;5233.95;5223.275
5234.5;5259.9;5247.2
5259.9;5252.2;5256.05
5253.65;5274.85;5264.25
5274.2;5225.65;5249.925
5226.1;5221.7;5223.9
5220.2;5094.15;5157.175
5094.15;5036;5065.075
5034.55;5007.9;5021.225
5008.5;4853.1;4930.8
4863;4867.25;4865.125
4866.15;4882.05;4874.1
4882.05;4899.7;4890.875
4907.85;4830.1;4868.975
4831;4931.85;4881.425
4931.3;4845.35;4888.325
4819.65;4718.65;4769.15
4712.75;4757.25;4735
4755.35;4760.4;4757.875
4760.55;4792.65;4776.6
4793;4757.2;4775.1
4757.25;4826.85;4792.05
4827.9;4801.95;4814.925
4801.8;4855.75;4828.775
4858.65;4914;4886.325
4915.1;4887.75;4901.425
4887.3;4844.9;4866.1
4849.35;4856.4;4852.875
4856.6;4870.05;4863.325
4869.55;4858.6;4864.075
4859;4859.75;4859.375
4858.5;4922.3;4890.4
4935.6;5017;4976.3
5015.8;5088.1;5051.95
5096.95;5080.25;5088.6
5080.55;5088.7;5084.625
5092.15;5124;5108.075
5121.05;5101.5;5111.275
5101.6;5116.25;5108.925
5116.35;5133.4;5124.875
5131.8;5137;5134.4
5134.45;5128.9;5131.675
5128.95;5198.1;5163.525
5198.45;5231.9;5215.175
5232.55;5245.9;5239.225
5246.8;5262.8;5254.8
5260.95;5205.2;5233.075
5205.85;5225.3;5215.575
5225.3;5260.4;5242.85
5260.55;5282;5271.275
5283.9;5302.85;5293.375
5302.95;5262.45;5282.7
5260.4;5249.1;5254.75
5249.2;5290.5;5269.85
5291.4;5368.4;5329.9
5369.65;5366;5367.825
5365.7;5374.65;5370.175
5376.3;5304.45;5340.375
5302.4;5361.75;5332.075
5354.15;5339.7;5346.925
5340.85;5322.95;5331.9
5323.3;5273.6;5298.45
5273.4;5262.6;5268
5279.05;5203.65;5241.35
5208.3;5230.1;5219.2
5230.3;5244.9;5237.6
5248.6;5269.35;5258.975
5269.65;5304.1;5286.875
5299.35;5322.45;5310.9
5322.1;5308.35;5315.225
5308.2;5215.45;5261.825
5215.25;5254.15;5234.7
5254.2;5278;5266.1
5278.4;5222.75;5250.575
5223.9;5148.5;5186.2
5148.35;5124.9;5136.625
5124.4;5090.85;5107.625
5072.3;5018.05;5045.175
5026.6;5193.6;5110.1
5189.75;5136.15;5162.95
5133.75;5156.65;5145.2
5157.55;5178.9;5168.225
5180.55;5093.5;5137.025
5093.9;5059.9;5076.9
5059.55;5066.2;5062.875
5065.1;4919.65;4992.375
4924.3;4947.6;4935.95
4946.7;4931.15;4938.925
4944.3;4943.95;4944.125
4945.3;4806.75;4876.025
4807.3;4917.4;4862.35
4915.15;5003.1;4959.125
5005.6;5066.55;5036.075
5076.1;5086.3;5081.2
5086.25;4970.2;5028.225
4970.75;5019.85;4995.3
5020.15;5110.5;5065.325
5112.6;5135.5;5124.05
5132.95;5034;5083.475
5036.7;4987.1;5011.9
4985.05;5000.3;4992.675
4999.6;5078.6;5039.1
5078.75;5119.35;5099.05
5120.15;5197.7;5158.925
5201.3;5222.35;5211.825
5225.05;5233.35;5229.2
5233.65;5274.85;5254.25
5274.95;5262.6;5268.775
5266.5;5353.3;5309.9
5353.95;5316.55;5335.25
5316.15;5323.15;5319.65
5323.25;5320.6;5321.925
5320.5;5269.05;5294.775
5271.1;5333.5;5302.3
5333.55;5256.15;5294.85
5254.25;5312.5;5283.375
5312.05;5251.4;5281.725
5251.25;5237.1;5244.175
5237;5235.9;5236.45
5236.1;5289.05;5262.575
5293.1;5241.1;5267.1
5242;5296.85;5269.425
5297.2;5352.45;5324.825
5352.25;5383;5367.625
5370.2;5400.65;5385.425
5402;5386.15;5394.075
5387.1;5378.75;5382.925
5376.65;5393.9;5385.275
5392.7;5386.45;5389.575
5387;5368;5377.5
5368.85;5399.35;5384.1
5399.15;5441.95;5420.55
5441.9;5449.1;5445.5
5446.55;5418.6;5432.575
5420.2;5430.6;5425.4
5436.1;5397.55;5416.825
5397.85;5408.9;5403.375
5408.4;5367.6;5388
5369.55;5431.65;5400.6
5432.5;5439.55;5436.025
5441.35;5467.85;5454.6
5470.15;5447.1;5458.625
5448.25;5439.25;5443.75
5439.8;5486.15;5462.975
5486.8;5460.7;5473.75
5460.7;5420.6;5440.65
5418.7;5416.45;5417.575
5420.65;5452.1;5436.375
5452.1;5418.3;5435.2
5422.15;5414.15;5418.15
5416.25;5479.15;5447.7
5478.25;5540.2;5509.225
5540.8;5530.65;5535.725
5531.15;5543.5;5537.325
5541.1;5505.1;5523.1
5505.3;5462.35;5483.825
5462.1;5477.9;5470
5489.6;5408.7;5449.15
5408.9;5415.45;5412.175
5413.55;5402.4;5407.975
5403.05;5471.85;5437.45
5471.9;5486.15;5479.025
5486.3;5479.4;5482.85
5479.55;5576.95;5528.25
5575.9;5604;5589.95
5604.25;5607.85;5606.05
5608.3;5640.05;5624.175
5639.2;5760;5699.6
5760.3;5795.55;5777.925
5795.25;5860.95;5828.1
5861.1;5828.7;5844.9
5828.7;5884.95;5856.825
5885.05;5980.45;5932.75
5980.5;6009.05;5994.775
6008.4;5991;5999.7
5991.05;5959.55;5975.3
5959.45;6018.3;5988.875
6018.3;6035.65;6026.975
6036.05;6029.5;6032.775
6029.15;5991.3;6010.225
5991.35;6029.95;6010.65
6030.3;6143.4;6086.85
6144.7;6159.45;6152.075
6159.45;6145.8;6152.625
6150.95;6186.45;6168.7
6186.85;6120.3;6153.575
6121.4;6103.45;6112.425
6105.95;6135.85;6120.9
6135.95;6090.9;6113.425
6091.45;6233.9;6162.675
6234.3;6177.35;6205.825
6175.9;6062.65;6119.275
6112.75;6075.95;6094.35
6114.45;6027.3;6070.875
6002.95;5982.1;5992.525
6008.9;6101.5;6055.2
6113.4;6066.05;6089.725
6101.25;6105.8;6103.525
6116.3;6082;6099.15
6075.45;6012.65;6044.05
6039.95;5987.7;6013.825
6021.15;6017.7;6019.425
6092.3;6117.55;6104.925
6127.55;6119;6123.275
6150.6;6160.5;6155.55
6209.6;6281.8;6245.7
6321.85;6312.45;6317.15
6335.25;6273.2;6304.225
6281;6301.55;6291.275
6303.2;6275.7;6289.45
6286.35;6194.25;6240.3
6182.3;6071.65;6126.975
6079.9;6121.6;6100.75
6143.45;5988.7;6066.075
6075.95;5998.8;6037.375
6011.3;5890.3;5950.8
5920.9;6010;5965.45
5971.55;5934.75;5953.15
5946.8;5865.75;5906.275
5883.95;5799.75;5841.85
5828.55;5751.95;5790.25
5789.95;5830;5809.975
5811.6;5862.7;5837.15
5871;5960.9;5915.95
6023.05;6011.7;6017.375
6013.35;5992.8;6003.075
6033.65;5992.25;6012.95
5995.05;5976.55;5985.8
5954.4;5903.7;5929.05
5924.25;5766.5;5845.375
5761;5857.35;5809.175
5882.65;5907.65;5895.15
5928.7;5944.1;5936.4
5931.15;5892.3;5911.725
5910.55;5948.75;5929.65
5926.85;5947.05;5936.95
5960.4;6000.65;5980.525
6019;5984.4;6001.7
6005.9;5980;5992.95
5940.25;6011.6;5975.925
6013.3;5998.1;6005.7
6005.35;5996;6000.675
6005.15;6060.35;6032.75
6062.35;6101.85;6082.1
6105.1;6134.5;6119.8
6177.45;6157.6;6167.525
6172.75;6146.35;6159.55
6141.35;6079.8;6110.575
6107;6048.25;6077.625
6030.9;5904.6;5967.75
5901.3;5762.85;5832.075
5767.95;5754.1;5761.025
5800.05;5863.25;5831.65
5850.75;5751.9;5801.325
5752.1;5654.55;5703.325
5648.8;5654.75;5651.775
5682.55;5724.05;5703.3
5737.35;5691.05;5714.2
5656;5711.6;5683.8
5692.05;5696.5;5694.275
5717.1;5743.25;5730.175
5763.3;5687.4;5725.35
5725.3;5604.3;5664.8
5614;5512.15;5563.075
5452.55;5505.9;5479.225
5537.3;5417.2;5477.25
5469.55;5432;5450.775
5430.45;5526.75;5478.6
5519.9;5395.75;5457.825
5430.15;5396;5413.075
5432.35;5312.55;5372.45
5293.05;5253.55;5273.3
5246.05;5225.8;5235.925
5219.65;5310;5264.825
5340.25;5456;5398.125
5467.75;5481;5474.375
5467.6;5481.7;5474.65
5501.7;5546.45;5524.075
5557.55;5458.95;5508.25
5456.6;5518.6;5487.6
5504.4;5469.2;5486.8
5452.45;5437.35;5444.9
5408.75;5262.7;5335.725
5321.05;5303.55;5312.3
5330.15;5333.25;5331.7
5382;5522.3;5452.15
5478.45;5536.2;5507.325
5586.2;5538.75;5562.475
5490.05;5463.15;5476.6
5466.1;5520.8;5493.45
5542.4;5531;5536.7
5516.1;5494.4;5505.25
5456.15;5445.45;5450.8
5436.5;5531.5;5484
5420;5449.65;5434.825
5475.95;5511.15;5493.55
5455.4;5446.65;5451.025
5475.35;5373.7;5424.525
5408.75;5364.75;5386.75
5390.85;5413.85;5402.35
5411.4;5480.25;5445.825
5501.8;5522.4;5512.1
5588.65;5654.25;5621.45
5645.25;5687.25;5666.25
5686.5;5736.35;5711.425
5755.8;5787.65;5771.725
5803.05;5833.75;5818.4
5835;5826.05;5830.525
5842;5908.45;5875.225
5923.85;5910.05;5916.95
5908;5891.75;5899.875
5888.55;5885.7;5887.125
5886.75;5842;5864.375
5805.35;5785.7;5795.525
5747.95;5911.5;5829.725
5898.75;5824.55;5861.65
5824.35;5729.1;5776.725
5716;5740.75;5728.375
5786.05;5851.65;5818.85
5882.85;5884.7;5883.775
5859.6;5874.5;5867.05
5876.85;5868.4;5872.625
5884.2;5833.9;5859.05
5851.35;5785.45;5818.4
5782.5;5749.5;5766
5766.9;5701.3;5734.1
5689.7;5565.25;5627.475
5567.7;5537.15;5552.425
5531.6;5459.85;5495.725
5477.65;5551.45;5514.55
5575.2;5551.1;5563.15
5555.55;5541.25;5548.4
5547.2;5565.05;5556.125
5537.8;5486.15;5511.975
5492.35;5544.75;5518.55
5541.7;5499;5520.35
5496.1;5438.95;5467.525
5448.2;5420.6;5434.4
5448.15;5428.1;5438.125
5450.65;5486.35;5468.5
5456.7;5386.55;5421.625
5385.1;5394.85;5389.975
5389.1;5348.95;5369.025
5372.75;5412.35;5392.55
5413.7;5476.1;5444.9
5493.75;5473.1;5483.425
5492;5560.15;5526.075
5561.05;5592;5576.525
5529.9;5550.35;5540.125
5565.7;5516.75;5541.225
5504.3;5532.05;5518.175
5509.15;5556.15;5532.65
5535.25;5526.85;5531.05
5523.55;5521.05;5522.3
5518.05;5485.8;5501.925
5469.85;5482.8;5476.325
5485.6;5500.5;5493.05
5494.45;5447.5;5470.975
5419.65;5396.75;5408.2
5412.5;5366.4;5389.45
5372.2;5257.9;5315.05
5280.8;5275.85;5278.325
5304.65;5278.3;5291.475
5269.1;5320;5294.55
5343.4;5471.25;5407.325
5441.2;5526.6;5483.9
5548.85;5545.3;5547.075
5566.5;5600.45;5583.475
5614.5;5647.4;5630.95
5705.75;5627.2;5666.475
5679.55;5650.5;5665.025
5659.85;5632.1;5645.975
5622.7;5625.45;5624.075
5633.35;5728.95;5681.15
5734.65;5660.65;5697.65
5648.05;5616.1;5632.075
5556.9;5526.15;5541.525
5542.05;5585.45;5563.75
5569;5599.8;5584.4
5602.95;5581.1;5592.025
5581.75;5567.05;5574.4
5569.85;5613.55;5591.7
5642.05;5567.05;5604.55
5554.6;5541.6;5548.1
5576.95;5633.95;5605.45
5633.8;5680.3;5657.05
5688.45;5574.85;5631.65
5588.55;5546.8;5567.675
5492.4;5487.75;5490.075
5479;5482;5480.5
5527.5;5516.8;5522.15
5493.2;5456.55;5474.875
5402;5404.8;5403.4
5412.4;5331.8;5372.1
5204.35;5211.25;5207.8
5083.85;5118.5;5101.175
4947.9;5072.85;5010.375
5196.55;5161;5178.775
5128;5138.3;5133.15
5194.4;5072.95;5133.675
5125.75;5035.8;5080.775
5030.3;5056.6;5043.45
5077.95;4944.15;5011.05
4859.3;4845.65;4852.475
4843.7;4898.8;4871.25
4925.15;4948.9;4937.025
4934.35;4888.9;4911.625
4914.65;4839.6;4877.125
4839.25;4747.8;4793.525
4806.2;4919.6;4862.9
4973.25;5001;4987.125
5109.8;5040;5074.9
4998.9;5017.2;5008.05
4993.35;5064.3;5028.825
5080.15;5124.65;5102.4
5139.2;5153.25;5146.225
5161.3;5059.45;5110.375
4981.7;4946.8;4964.25
4977.8;4940.95;4959.375
4965.05;5012.55;4988.8
5062.35;5075.7;5069.025
5123.35;5084.25;5103.8
5068.4;5031.95;5050.175
5042.55;5140.2;5091.375
5153.75;5133.25;5143.5
5054.45;4923.65;4989.05
4873.75;4867.75;4870.75
4878.6;4835.4;4857
4905.15;4971.25;4938.2
5005.5;4945.9;4975.7
4924.2;5015.45;4969.825
4990.15;4943.25;4966.7
4874.4;4849.5;4861.95
4823.5;4772.15;4797.825
4791.3;4751.3;4771.3
4883.65;4888.05;4885.85
4886.85;4979.6;4933.225
5019.9;4974.35;4997.125
5011.2;5099.4;5055.3
5130.8;5077.85;5104.325
5057.35;5132.3;5094.825
5156.2;5118.25;5137.225
5049.45;5037.5;5043.475
5080.45;5139.15;5109.8
5086.55;5091.9;5089.225
5106.6;5049.95;5078.275
5114.7;5098.35;5106.525
5137.9;5191.6;5164.75
5214.95;5201.8;5208.375
5341.9;5360.7;5351.3
5358.9;5326.6;5342.75
5278.6;5257.95;5268.275
5216.75;5258.45;5237.6
5241.55;5265.75;5253.65
5325.4;5284.2;5304.8
5292.25;5289.35;5290.8
5309.7;5221.05;5265.375
5159.75;5168.85;5164.3
5217.35;5148.35;5182.85
5131.2;5068.5;5099.85
5059.1;5030.45;5044.775
5027.1;4934.75;4980.925
4899.15;4905.8;4902.475
4873.8;4778.35;4826.075
4794.85;4812.35;4803.6
4779.5;4706.45;4742.975
4707.55;4756.45;4732
4731.3;4710.05;4720.675
4769.3;4851.3;4810.3
4864.2;4805.1;4834.65
4766.15;4832.05;4799.1
4970.85;4936.85;4953.85
4940.85;5050.15;4995.5
5036.5;5039.15;5037.825
5050.1;5062.6;5056.35
5037.4;4943.65;4990.525
4870.75;4866.7;4868.725
4906.85;4764.6;4835.725
4733.6;4800.6;4767.1
4788.7;4763.25;4775.975
4712.8;4746.35;4729.575
4752.5;4651.6;4702.05
4623.15;4613.1;4618.125
4635.8;4544.2;4590
4636.45;4693.15;4664.8
4636.9;4733.85;4685.375
4763.2;4714;4738.6
4718.15;4779;4748.575
4780.2;4750.5;4765.35
4756.2;4705.8;4731
4681.15;4646.25;4663.7
4659.95;4624.3;4642.125
4640.2;4636.75;4638.475
4675.8;4765.3;4720.55
4774.95;4749.65;4762.3
4749;4749.95;4749.475
4724.15;4754.1;4739.125
4755.6;4746.9;4751.25
4747.55;4742.8;4745.175
4771.85;4849.55;4810.7
4863.15;4860.95;4862.05
4840.95;4831.25;4836.1
4861.95;4866;4863.975
4844;4873.9;4858.95
4904.5;4967.3;4935.9
4977.75;4955.8;4966.775
4995;5018.4;5006.7
5044.85;5048.6;5046.725
5025.35;5046.25;5035.8
5064.8;5127.35;5096.075
5151.5;5158.3;5154.9
5216.75;5204.7;5210.725
5163.55;5087.3;5125.425
5125.25;5199.25;5162.25
5198.15;5235.7;5216.925
5272.1;5269.9;5271
5276.1;5325.85;5300.975
5379.45;5361.65;5370.55
5412.95;5335.15;5374.05
5343.8;5368.15;5355.975
5343.05;5412.35;5377.7
5399.8;5381.6;5390.7
5382.1;5390.2;5386.15
5380.8;5416.05;5398.425
5460.6;5531.95;5496.275
5513.75;5521.95;5517.85
5574.2;5564.3;5569.25
5561.9;5607.15;5584.525
5609.75;5505.35;5557.55
5490.05;5483.3;5486.675
5479.15;5429.3;5454.225
5448.1;5281.2;5364.65
5310.5;5375.5;5343
5424.95;5385.2;5405.075
5366;5339.75;5352.875
5369.45;5359.35;5364.4
5360.05;5359.4;5359.725
5342.55;5280.35;5311.45
5266;5222.4;5244.2
5207.05;5220.45;5213.75
5294.1;5333.55;5313.825
5420.1;5359.55;5389.825
5391.05;5429.5;5410.275
5490.55;5463.9;5477.225
5462.5;5380.5;5421.5
5380.35;5317.9;5349.125
5337.35;5257.05;5297.2
5257.15;5274.85;5266
5267.2;5364.95;5316.075
5361.1;5228.45;5294.775
5255.65;5278.2;5266.925
5274.35;5184.25;5229.3
5242.95;5243.15;5243.05
5231.7;5194.75;5213.225
5145.95;5178.85;5162.4
5206.6;5295.55;5251.075
5296.35;5317.9;5307.125
5353.2;5358.5;5355.85
5328.65;5322.9;5325.775
5282.5;5234.4;5258.45
5254.1;5243.6;5248.85
5209.45;5226.85;5218.15
5246.75;5276.85;5261.8
5255.7;5207.45;5231.575
5190.6;5226.2;5208.4
5266.6;5289.7;5278.15
5320.7;5300;5310.35
5320.6;5332.4;5326.5
5313.95;5290.85;5302.4
5277.4;5200.6;5239
5215.9;5222.65;5219.275
5222.2;5202;5212.1
5214.75;5189;5201.875
5189;5190.6;5189.8
5209.6;5209;5209.3
5201.45;5248.15;5224.8
5254.3;5239.15;5246.725
5211.2;5188.4;5199.8
5166.65;5086.85;5126.75
5017.8;5114.15;5065.975
5114.7;4999.95;5057.325
4967.9;4974.8;4971.35
4984.15;4965.7;4974.925
4938.85;4928.9;4933.875
4934.35;4907.8;4921.075
4869.85;4942.8;4906.325
4875.3;4858.25;4866.775
4878.6;4870.2;4874.4
4796.4;4891.45;4843.925
4888.5;4906.05;4897.275
4954.7;4860.5;4907.6
4843;4835.65;4839.325
4863.4;4921.4;4892.4
4905.95;4920.4;4913.175
4931.7;4985.65;4958.675
5005.35;4990.1;4997.725
4964.25;4950.75;4957.5
4896.1;4924.25;4910.175
4910.85;4841.6;4876.225
4797.3;4848.15;4822.725
4869.45;4863.3;4866.375
4886.65;4997.1;4941.875
5035.35;5049.65;5042.5
5044.25;5068.35;5056.3
5096.7;5054.1;5075.4
5015.5;5115.9;5065.7
5117.55;5121.45;5119.5
5105.1;5054.75;5079.925
5069.55;5139.05;5104.3
5174;5064.25;5119.125
5050.8;5103.85;5077.325
5114.55;5120.55;5117.55
5097.35;5165;5131.175
5101.75;5146.05;5123.9
5158.5;5114.65;5136.575
5107.45;5120.8;5114.125
5149.45;5141.9;5145.675
5148.95;5149.15;5149.05
5191.25;5278.9;5235.075
5283.85;5278.6;5281.225
5298.85;5287.95;5293.4
5310.4;5302.55;5306.475
5297.05;5327.3;5312.175
5324.7;5316.95;5320.825
5283.7;5275.15;5279.425
5286.6;5345.35;5315.975
5315.25;5306.3;5310.775
5240;5235.25;5237.625
5242.75;5227.25;5235
5232.35;5197.25;5214.8
5228.05;5192.85;5210.45
5199.1;5216.3;5207.7
5249.85;5242.7;5246.275
5233.55;5205.1;5219.325
5163.25;5117.95;5140.6
5128.8;5128.2;5128.5
5118.4;5109.6;5114
5126.3;5043;5084.65
5124.3;5099.85;5112.075
5129.75;5199.8;5164.775
5214.85;5229;5221.925
5220.7;5240.5;5230.6
5233.1;5227.75;5230.425
5195.6;5215.7;5205.65
5260.85;5282.55;5271.7
5295.4;5336.7;5316.05
5345.25;5338;5341.625
5348.3;5322.95;5335.625
5308.2;5320.4;5314.3
5316.35;5347.9;5332.125
5343.25;5380.35;5361.8
5385.95;5362.95;5374.45
5368.6;5366.3;5367.45
5368.7;5421;5394.85
5395.75;5412.85;5404.3
5426.15;5415.35;5420.75
5392.6;5386.7;5389.65
5387.85;5350.25;5369.05
5348.05;5334.6;5341.325
5343.85;5287.8;5315.825
5268.6;5315.05;5291.825
5298.2;5258.5;5278.35
